update,steps,episodes,ep_return,ep_prod,ep_traffic,ep_evidence,ep_critical,lambda_prod,lambda_traffic,lambda_evidence,lambda_critical,cum_prod,cum_traffic,cum_evidence,cum_critical,entropy,wall_s
1,2048,16,-560.081,294.45,941.7812,4.9375,29.125,0.0,0.0,0.0,0.0,5627.7,18471.5,103.0,546.0,4.121,1.8
2,4096,24,-496.775,300.8917,981.2917,7.2083,23.2917,0.0,0.0,0.0,0.0,12069.7,39129.5,254.0,1036.0,4.1083,3.7
3,6144,16,-283.791,417.1562,1162.4375,7.0625,51.0,0.0,0.0,0.0,0.0,20791.5,63126.0,403.0,2097.0,4.1021,5.4
4,8192,24,-285.15,451.4708,1204.1667,5.5417,50.75,0.0,0.0,0.0,0.0,29750.8,87292.0,509.0,3117.0,4.0806,7.1
5,10240,16,-295.022,475.0875,1207.25,6.8125,59.0,0.0,0.0,0.0,0.0,40216.3,113270.5,663.0,4378.0,4.0393,8.8
6,12288,24,-158.246,566.3542,1323.8125,6.9167,69.0,0.0,0.0,0.0,0.0,51797.9,140443.5,802.0,5808.0,4.0447,10.7
7,14336,16,-126.663,541.0375,1300.1562,7.125,60.375,0.0,0.0,0.0,0.0,62930.4,167046.5,952.0,7061.0,4.0049,12.4
8,16384,24,-145.565,547.8542,1296.3125,10.375,73.0417,0.0,0.0,0.0,0.0,73983.1,193595.5,1178.0,8607.0,3.9607,14.1
9,18432,24,-123.787,545.6208,1338.4792,11.6667,80.0417,0.0,0.0,0.0,0.0,85561.3,221362.0,1419.0,10302.0,3.9319,15.8
10,20480,16,-76.672,599.8062,1354.0938,10.75,83.1875,0.0,0.0,0.0,0.0,97563.2,248994.0,1644.0,11952.0,3.9086,17.6
11,22528,24,-83.121,599.325,1367.1667,10.0,78.5417,0.0,0.0,0.0,0.0,109774.9,276683.5,1844.0,13515.0,3.9325,19.4
12,24576,16,-64.556,552.6875,1362.0938,11.75,74.0625,0.0,0.0,0.0,0.0,121212.8,305134.5,2087.0,15186.0,3.869,20.9
13,26624,24,-62.075,564.9917,1358.875,10.0,75.5417,0.0,0.0,0.0,0.0,132713.3,332538.5,2291.0,16660.0,3.8142,22.6
14,28672,16,-58.019,587.1,1396.3438,11.25,87.875,0.0,0.0,0.0,0.0,145076.4,361498.5,2530.0,18475.0,3.7928,24.4
15,30720,24,-54.473,572.6542,1388.0208,11.8333,84.125,0.0,0.0,0.0,0.0,156533.0,389725.0,2772.0,20152.0,3.6964,26.0
16,32768,16,-55.841,577.3812,1413.9375,11.1875,90.375,0.0,0.0,0.0,0.0,168706.0,418987.5,2967.0,22034.0,3.7919,27.7
17,34816,24,-47.892,599.8083,1421.8958,9.3333,87.4583,0.0,0.0,0.0,0.0,180789.9,448127.5,3165.0,23844.0,3.7679,29.4
18,36864,24,-45.767,563.0542,1431.6042,9.0417,88.8333,0.0,0.0,0.0,0.0,192365.2,477474.5,3341.0,25645.0,3.7806,31.1
19,38912,16,-38.328,552.4062,1412.9375,8.4375,81.3125,0.0,0.0,0.0,0.0,203754.5,506693.5,3534.0,27368.0,3.7937,33.0
20,40960,24,-40.2,539.2208,1408.2917,11.875,85.375,0.0,0.0,0.0,0.0,214495.2,534951.0,3785.0,29026.0,3.7867,34.7
21,43008,16,-41.106,587.8938,1391.1562,11.25,79.125,0.0,0.0,0.0,0.0,226721.0,564071.0,4018.0,30758.0,3.7169,36.2
22,45056,24,-38.531,564.125,1437.4167,11.0833,89.125,0.0,0.0,0.0,0.0,237919.2,593207.5,4240.0,32542.0,3.7556,37.8
23,47104,16,-37.513,554.6312,1441.875,11.6875,88.25,0.0,0.0,0.0,0.0,249687.5,623276.5,4480.0,34411.0,3.814,39.5
24,49152,24,-37.923,521.9125,1419.3542,11.9583,85.7917,0.0,0.0,0.0,0.0,259814.8,651927.0,4731.0,36113.0,3.7153,41.4
25,51200,24,-35.975,526.8167,1435.375,15.0,88.875,0.0,0.0,0.0,0.0,270972.6,681634.5,5040.0,37974.0,3.6539,43.1
26,53248,16,-35.5,545.2,1414.8125,12.8125,82.625,0.0,0.0,0.0,0.0,281820.5,710425.0,5307.0,39648.0,3.6855,44.8
27,55296,24,-30.883,559.5333,1437.0833,13.9167,86.5417,0.0,0.0,0.0,0.0,293308.6,739737.5,5594.0,41421.0,3.6269,46.6
28,57344,16,-31.825,498.0187,1377.3438,15.625,75.0,0.0,0.0,0.0,0.0,303598.6,768273.0,5918.0,42987.0,3.6175,48.4
29,59392,24,-25.858,529.0042,1416.0417,16.5833,82.7917,0.0,0.0,0.0,0.0,314325.9,797074.5,6263.0,44677.0,3.6152,50.1
30,61440,16,-23.841,558.675,1443.9062,15.125,89.5,0.0,0.0,0.0,0.0,326239.0,826940.0,6592.0,46529.0,3.5755,51.9
31,63488,24,-29.231,584.3333,1441.125,18.375,87.375,0.0,0.0,0.0,0.0,337918.5,856403.0,6968.0,48327.0,3.4852,53.7
32,65536,16,-20.031,579.2,1478.75,16.75,94.25,0.0,0.0,0.0,0.0,350155.9,886869.5,7306.0,50291.0,3.4908,55.5
33,67584,24,-18.04,542.2542,1440.3125,15.7083,89.5417,0.0,0.0,0.0,0.0,360680.4,916021.5,7637.0,52072.0,3.4522,57.2
34,69632,24,-15.165,520.8958,1426.5,16.125,85.25,0.0,0.0,0.0,0.0,371564.8,945137.0,7947.0,53796.0,3.4696,58.9
35,71680,16,-12.847,534.6875,1406.1562,14.4375,82.5625,0.0,0.0,0.0,0.0,382342.1,973795.5,8271.0,55482.0,3.4301,60.7
36,73728,24,-14.515,506.1125,1380.1667,15.0,81.9583,0.0,0.0,0.0,0.0,392453.8,1001737.0,8554.0,57122.0,3.4437,62.6
37,75776,16,-9.038,505.975,1375.4062,13.6875,76.9375,0.0,0.0,0.0,0.0,402769.5,1030313.5,8839.0,58757.0,3.4453,64.5
38,77824,24,-9.844,492.1,1349.9792,13.375,78.0,0.0,0.0,0.0,0.0,412644.8,1057251.0,9119.0,60261.0,3.4181,67.0
39,79872,16,-7.244,474.4125,1303.4062,14.6875,66.5,0.0,0.0,0.0,0.0,422719.8,1084664.5,9445.0,61699.0,3.4221,69.2
40,81920,24,-9.348,519.425,1346.4375,16.7917,71.2083,0.0,0.0,0.0,0.0,433034.3,1111408.5,9789.0,63027.0,3.3797,71.5
41,83968,16,-7.697,467.9438,1297.5938,12.8125,54.75,0.0,0.0,0.0,0.0,443724.3,1139071.0,9972.0,64321.0,3.5287,74.3
42,86016,24,-5.906,513.0625,1341.6458,9.3333,68.4167,0.0,0.0,0.0,0.0,453461.7,1165873.5,10205.0,65670.0,3.4471,76.8
43,88064,24,-4.235,527.6042,1362.1042,10.1667,74.4583,0.0,0.0,0.0,0.0,464711.2,1194192.0,10395.0,67264.0,3.4672,79.1
44,90112,16,-3.366,543.9375,1394.8125,9.125,82.25,0.0,0.0,0.0,0.0,475652.4,1222640.0,10592.0,68895.0,3.4591,81.5
45,92160,24,-4.562,567.1042,1375.8542,8.9167,76.6667,0.0,0.0,0.0,0.0,487334.5,1250700.5,10780.0,70469.0,3.4493,83.9
46,94208,16,-4.094,558.325,1384.4062,9.875,70.6875,0.0,0.0,0.0,0.0,499072.1,1279346.0,10968.0,71987.0,3.4057,86.3
47,96256,24,-5.806,581.0125,1384.5625,9.4583,80.5,0.0,0.0,0.0,0.0,510700.4,1307499.0,11179.0,73620.0,3.3882,88.6
48,98304,16,-3.244,588.6,1402.5312,8.5,81.3125,0.0,0.0,0.0,0.0,523363.9,1337004.0,11324.0,75404.0,3.4621,91.0
49,100352,24,-2.765,608.1167,1417.8125,6.4167,85.4167,0.0,0.0,0.0,0.0,535299.8,1365028.5,11468.0,76971.0,3.463,93.2
50,102400,24,-3.644,601.1958,1371.2708,5.9583,78.5417,0.0,0.0,0.0,0.0,548294.3,1393882.0,11562.0,78716.0,3.5233,95.6
51,104448,16,-3.622,608.4125,1393.5,8.0625,81.8125,0.0,0.0,0.0,0.0,560177.1,1421922.5,11733.0,80330.0,3.4281,97.8
52,106496,24,-9.017,629.6792,1426.1458,6.625,87.625,0.0,0.0,0.0,0.0,573300.6,1451212.0,11866.0,82152.0,3.4774,100.5
53,108544,16,-3.434,623.5813,1408.25,4.8125,86.125,0.0,0.0,0.0,0.0,586138.0,1480291.0,11985.0,83948.0,3.482,102.4
54,110592,24,-2.006,599.75,1392.4167,5.7083,80.9583,0.0,0.0,0.0,0.0,598076.5,1508412.5,12086.0,85532.0,3.4799,104.6
55,112640,16,-3.684,607.225,1390.1562,6.875,80.6875,0.0,0.0,0.0,0.0,610798.5,1537281.5,12229.0,87156.0,3.419,106.8
56,114688,24,-3.094,569.775,1362.4792,5.75,69.7917,0.0,0.0,0.0,0.0,621805.3,1564472.0,12363.0,88548.0,3.4166,109.0
57,116736,16,-2.609,581.2062,1364.0312,6.3125,77.5,0.0,0.0,0.0,0.0,634227.1,1592708.5,12462.0,90102.0,3.5206,111.4
58,118784,24,-2.915,546.1167,1326.9583,6.1667,69.5833,0.0,0.0,0.0,0.0,644780.0,1619483.5,12588.0,91501.0,3.4748,113.7
59,120832,24,-2.494,534.8875,1324.25,6.6667,65.5417,0.0,0.0,0.0,0.0,656160.4,1646914.5,12728.0,92898.0,3.489,116.7
60,122880,16,-2.803,554.4875,1344.0625,8.0,71.1875,0.0,0.0,0.0,0.0,667124.6,1674403.5,12893.0,94351.0,3.4254,119.5
61,124928,24,-4.013,545.5375,1384.1875,5.5833,81.5833,0.0,0.0,0.0,0.0,678319.2,1702505.0,13008.0,96012.0,3.4834,121.6
62,126976,16,-2.556,553.2688,1388.4375,4.8125,73.9375,0.0,0.0,0.0,0.0,689779.9,1731455.5,13089.0,97614.0,3.5323,124.0
63,129024,24,-2.173,519.8292,1338.9583,5.8333,67.75,0.0,0.0,0.0,0.0,699934.7,1757962.0,13228.0,98860.0,3.4366,127.1
64,131072,16,-3.825,540.2375,1336.1562,4.3125,71.375,0.0,0.0,0.0,0.0,711343.1,1785990.5,13308.0,100415.0,3.5945,129.9
65,133120,24,-3.179,557.2583,1366.5208,5.375,75.6667,0.0,0.0,0.0,0.0,722526.4,1813713.0,13430.0,101893.0,3.4766,132.0
66,135168,16,-2.487,561.8062,1363.5,5.25,73.0625,0.0,0.0,0.0,0.0,734432.8,1842174.0,13519.0,103417.0,3.5154,134.4
67,137216,24,-1.798,549.9042,1331.3542,5.2917,61.6667,0.0,0.0,0.0,0.0,745151.3,1868602.0,13649.0,104574.0,3.4427,137.1
68,139264,24,-2.631,519.6875,1341.1667,4.5,67.7917,0.0,0.0,0.0,0.0,756177.1,1896321.5,13728.0,106043.0,3.5358,139.0
69,141312,16,-4.353,556.825,1357.6562,4.5,75.4375,0.0,0.0,0.0,0.0,767216.5,1923847.0,13829.0,107486.0,3.4743,141.0
70,143360,24,-5.092,494.3333,1277.0625,5.4583,60.6667,0.0,0.0,0.0,0.0,777140.8,1949623.0,13951.0,108723.0,3.4398,143.1
71,145408,16,-4.322,505.4125,1326.2812,5.5625,74.1875,0.0,0.0,0.0,0.0,787553.9,1977227.5,14047.0,110263.0,3.5046,145.4
72,147456,24,-2.033,459.6042,1263.8125,7.0417,55.75,0.0,0.0,0.0,0.0,796611.9,2002513.5,14220.0,111318.0,3.3424,147.8
73,149504,16,-5.306,481.975,1301.375,7.0,63.0,0.0,0.0,0.0,0.0,806590.8,2029096.5,14340.0,112544.0,3.4446,150.1
74,151552,24,-1.604,424.5917,1212.5,5.7917,43.8333,0.0,0.0,0.0,0.0,814876.5,2053380.0,14471.0,113359.0,3.3321,152.6
75,153600,24,-1.792,447.1333,1259.4167,6.7083,51.2083,0.0,0.0,0.0,0.0,824639.4,2080030.0,14590.0,114515.0,3.382,154.7
76,155648,16,-5.209,405.8688,1234.5938,7.8125,51.0625,0.0,0.0,0.0,0.0,832496.7,2104713.0,14752.0,115522.0,3.3059,156.6
77,157696,24,-1.679,398.3917,1215.9167,7.3333,51.8333,0.0,0.0,0.0,0.0,840742.3,2129581.5,14913.0,116576.0,3.3485,159.2
78,159744,16,-1.047,341.1188,1154.375,6.5,38.625,0.0,0.0,0.0,0.0,847648.1,2153232.5,15070.0,117417.0,3.3083,161.7
79,161792,24,-5.423,352.4583,1181.0833,7.0417,49.6667,0.0,0.0,0.0,0.0,854793.1,2177133.0,15197.0,118409.0,3.326,163.9
80,163840,16,-1.041,344.9937,1116.125,6.0,33.625,0.0,0.0,0.0,0.0,861609.0,2199744.0,15319.0,119065.0,3.3297,166.1
81,165888,24,-1.529,337.9958,1090.0625,7.375,36.125,0.0,0.0,0.0,0.0,868568.2,2221961.0,15472.0,119805.0,3.2241,168.4
82,167936,16,-0.644,308.3812,1085.75,4.5,24.1875,0.0,0.0,0.0,0.0,875651.9,2245461.5,15554.0,120485.0,3.4001,170.5
83,169984,24,-1.021,366.55,1117.8958,5.25,35.6667,0.0,0.0,0.0,0.0,882681.5,2267296.0,15684.0,121071.0,3.2177,172.9
84,172032,24,-1.008,386.5625,1175.6667,5.5,39.8333,0.0,0.0,0.0,0.0,891262.5,2292384.0,15775.0,121990.0,3.3376,175.6
85,174080,16,-0.731,462.1312,1238.3125,5.25,61.6875,0.0,0.0,0.0,0.0,900322.9,2317209.0,15874.0,123115.0,3.3153,178.3
86,176128,24,-1.071,517.8458,1289.6667,3.7917,58.5833,0.0,0.0,0.0,0.0,911174.4,2343853.5,15971.0,124391.0,3.3341,181.1
87,178176,16,-1.656,547.8812,1325.4375,5.125,62.625,0.0,0.0,0.0,0.0,921914.0,2370456.5,16065.0,125504.0,3.373,183.3
88,180224,24,-1.19,516.1667,1297.2292,4.4167,54.125,0.0,0.0,0.0,0.0,932699.3,2397380.5,16163.0,126758.0,3.3528,185.6
89,182272,16,-1.366,577.1625,1360.9062,3.5,77.875,0.0,0.0,0.0,0.0,945063.3,2425967.5,16219.0,128413.0,3.4647,188.2
90,184320,24,-6.373,519.8333,1287.6042,3.875,62.0,0.0,0.0,0.0,0.0,954720.7,2451163.0,16312.0,129512.0,3.3958,190.5
91,186368,16,-1.3,502.4562,1307.5312,3.875,62.4375,0.0,0.0,0.0,0.0,965793.1,2478347.5,16383.0,130808.0,3.4321,193.2
92,188416,24,-1.492,495.6417,1258.7708,5.2083,54.3333,0.0,0.0,0.0,0.0,975431.8,2504081.5,16495.0,131933.0,3.3418,195.4
93,190464,24,-1.073,544.0667,1324.2708,4.875,65.75,0.0,0.0,0.0,0.0,986963.2,2531235.5,16596.0,133299.0,3.3777,198.0
94,192512,16,-2.516,576.3812,1330.4688,3.1875,63.75,0.0,0.0,0.0,0.0,998125.7,2557833.0,16662.0,134507.0,3.4332,200.4
95,194560,24,-1.152,557.5292,1301.3333,3.9583,63.0417,0.0,0.0,0.0,0.0,1009816.9,2584673.0,16766.0,135832.0,3.3293,202.5
96,196608,16,-1.4,577.0812,1332.1875,5.75,58.9375,0.0,0.0,0.0,0.0,1021883.8,2612368.5,16882.0,137120.0,3.3455,205.0
97,198656,24,-1.033,579.3583,1325.75,5.3333,63.375,0.0,0.0,0.0,0.0,1033325.1,2638910.0,16983.0,138348.0,3.29,207.6
98,200704,16,-2.838,601.1,1327.7188,4.0625,70.0,0.0,0.0,0.0,0.0,1046081.2,2666906.5,17048.0,139647.0,3.3792,210.3
99,202752,24,-1.8,590.925,1332.2083,3.9583,61.125,0.0,0.0,0.0,0.0,1057717.3,2693562.5,17143.0,141010.0,3.2981,212.6
100,204800,24,-1.64,614.7667,1335.375,4.2083,68.7083,0.0,0.0,0.0,0.0,1071226.5,2721832.5,17210.0,142532.0,3.3974,214.8
101,206848,16,-0.684,615.4687,1351.6875,2.5625,74.125,0.0,0.0,0.0,0.0,1083416.4,2748935.0,17272.0,143958.0,3.3221,217.5
102,208896,24,-0.971,638.7875,1357.2083,2.4167,74.2083,0.0,0.0,0.0,0.0,1096491.6,2776689.0,17329.0,145515.0,3.2874,220.1
103,210944,16,-1.072,632.0375,1371.5312,3.3125,74.3125,0.0,0.0,0.0,0.0,1109619.9,2805125.0,17389.0,146962.0,3.3403,222.4
104,212992,24,-1.21,648.2792,1356.3958,4.2917,72.625,0.0,0.0,0.0,0.0,1122464.0,2832216.5,17489.0,148454.0,3.2336,224.6
105,215040,16,-0.841,650.1875,1362.375,3.125,67.6875,0.0,0.0,0.0,0.0,1136287.5,2860642.0,17542.0,149881.0,3.3109,227.0
106,217088,24,-0.952,656.5292,1363.9583,3.4583,74.5,0.0,0.0,0.0,0.0,1149456.9,2888250.0,17612.0,151394.0,3.2397,229.7
107,219136,16,-0.956,680.8188,1359.1875,2.9375,74.375,0.0,0.0,0.0,0.0,1164023.7,2916764.5,17670.0,153032.0,3.3062,232.4
108,221184,24,-0.994,687.5292,1376.4583,3.2917,77.4583,0.0,0.0,0.0,0.0,1177637.0,2944570.0,17742.0,154575.0,3.212,234.9
109,223232,24,-7.158,699.5625,1378.9167,3.25,79.25,0.0,0.0,0.0,0.0,1192425.2,2973054.5,17813.0,156253.0,3.2983,237.2
110,225280,16,-1.753,717.8438,1393.4375,3.125,79.8125,0.0,0.0,0.0,0.0,1206889.2,3001606.5,17868.0,157863.0,3.3232,239.7
111,227328,24,-0.66,721.45,1415.3542,2.0417,83.7083,0.0,0.0,0.0,0.0,1221503.6,3030312.5,17914.0,159560.0,3.3567,241.9
112,229376,16,-6.591,725.9125,1408.5312,2.625,84.625,0.0,0.0,0.0,0.0,1236659.9,3059677.0,17971.0,161346.0,3.3762,244.1
113,231424,24,-1.877,728.1583,1419.125,3.125,83.3333,0.0,0.0,0.0,0.0,1251162.0,3088192.0,18034.0,162976.0,3.2932,246.9
114,233472,16,-2.053,713.9375,1400.5312,3.1875,81.9375,0.0,0.0,0.0,0.0,1266411.6,3117591.5,18094.0,164679.0,3.3294,249.3
115,235520,24,-1.369,717.3375,1405.1042,3.7083,80.125,0.0,0.0,0.0,0.0,1280534.3,3145669.0,18187.0,166306.0,3.1715,251.4
116,237568,16,-1.35,714.9438,1390.5938,3.5625,83.625,0.0,0.0,0.0,0.0,1295928.1,3174909.5,18238.0,168077.0,3.2765,253.6
117,239616,24,-1.156,732.1792,1415.1667,2.625,83.6667,0.0,0.0,0.0,0.0,1310507.3,3203518.5,18290.0,169745.0,3.1618,255.7
118,241664,24,-0.821,733.6583,1411.2708,2.25,83.375,0.0,0.0,0.0,0.0,1325615.3,3232426.5,18347.0,171482.0,3.1784,257.7
119,243712,16,-0.988,736.55,1418.8438,2.5,86.4375,0.0,0.0,0.0,0.0,1340597.0,3261371.0,18402.0,173205.0,3.1183,260.2
120,245760,24,-1.315,730.7833,1408.75,3.375,83.25,0.0,0.0,0.0,0.0,1355358.4,3290094.0,18474.0,174907.0,3.0585,262.1
121,247808,16,-1.372,737.0187,1414.4688,2.375,85.5,0.0,0.0,0.0,0.0,1370942.7,3319520.0,18510.0,176708.0,3.1277,264.0
122,249856,24,-1.75,731.8208,1413.3542,3.2917,83.9583,0.0,0.0,0.0,0.0,1385571.9,3348111.5,18588.0,178366.0,3.0175,266.6
123,251904,16,-0.784,734.2625,1415.8125,2.125,82.5625,0.0,0.0,0.0,0.0,1401059.1,3377551.5,18624.0,180161.0,3.1061,269.3
124,253952,24,-0.694,738.3625,1419.0833,2.4583,86.0,0.0,0.0,0.0,0.0,1415806.9,3406196.0,18678.0,181842.0,3.0033,271.6
125,256000,24,-0.827,725.7208,1401.9375,2.5,82.0417,0.0,0.0,0.0,0.0,1431134.0,3435434.5,18723.0,183592.0,3.1009,274.1
126,258048,16,-0.719,718.2,1401.7188,2.8125,81.4375,0.0,0.0,0.0,0.0,1445490.8,3463820.5,18793.0,185217.0,3.0022,276.9
127,260096,24,-1.031,727.2,1413.7083,2.625,82.625,0.0,0.0,0.0,0.0,1460192.8,3492446.0,18847.0,186884.0,3.0839,279.1
128,262144,16,-0.884,722.5125,1416.875,2.4375,83.0625,0.0,0.0,0.0,0.0,1475292.6,3521841.5,18887.0,188588.0,3.1442,281.6
129,264192,24,-3.735,723.8583,1416.75,2.3333,82.7083,0.0,0.0,0.0,0.0,1489713.1,3550440.5,18944.0,190245.0,3.1109,284.2
130,266240,16,-1.856,708.2687,1398.8125,3.0,77.875,0.0,0.0,0.0,0.0,1504817.9,3579751.0,18991.0,191939.0,3.1607,286.3
131,268288,24,-1.894,716.75,1420.1042,2.75,81.7917,0.0,0.0,0.0,0.0,1519051.0,3608349.0,19054.0,193549.0,3.0569,289.2
132,270336,16,-0.784,708.6688,1407.7812,2.25,80.75,0.0,0.0,0.0,0.0,1534051.3,3637734.5,19095.0,195268.0,3.1507,291.9
133,272384,24,-0.71,707.1875,1402.25,2.1667,78.6667,0.0,0.0,0.0,0.0,1548171.3,3666058.5,19150.0,196836.0,3.0629,294.6
134,274432,24,-0.927,715.4458,1405.2708,2.5,78.5,0.0,0.0,0.0,0.0,1563037.9,3695008.0,19195.0,198468.0,3.1515,297.4
135,276480,16,-0.488,712.575,1410.6562,1.9375,78.125,0.0,0.0,0.0,0.0,1577557.3,3723763.0,19228.0,200057.0,3.1272,299.9
136,278528,24,-0.917,704.2167,1411.0417,2.0417,81.9167,0.0,0.0,0.0,0.0,1591613.8,3752362.0,19280.0,201698.0,3.1345,302.0
137,280576,16,-0.531,706.3812,1413.375,1.75,79.9375,0.0,0.0,0.0,0.0,1606540.4,3781882.5,19311.0,203412.0,3.223,304.9
138,282624,24,-0.771,677.3333,1408.9792,1.8333,78.4167,0.0,0.0,0.0,0.0,1619833.5,3810173.5,19357.0,204942.0,3.1444,307.7
139,284672,16,-4.578,664.4188,1398.625,2.125,71.625,0.0,0.0,0.0,0.0,1634109.8,3839431.5,19387.0,206465.0,3.2458,309.8
140,286720,24,-0.871,664.8167,1392.3333,2.0,72.0417,0.0,0.0,0.0,0.0,1647160.7,3867381.0,19439.0,207876.0,3.1298,312.5
141,288768,16,-1.069,645.8437,1385.2188,2.5,69.1875,0.0,0.0,0.0,0.0,1660501.3,3896171.5,19482.0,209205.0,3.2862,314.9
142,290816,24,-1.044,630.9708,1381.1667,2.4167,61.0417,0.0,0.0,0.0,0.0,1673300.6,3924077.0,19534.0,210483.0,3.1698,317.4
143,292864,24,-0.733,628.4792,1377.8333,2.0,64.1667,0.0,0.0,0.0,0.0,1686061.5,3952238.0,19580.0,211829.0,3.2408,319.7
144,294912,16,-0.534,586.4125,1329.125,2.0625,51.375,0.0,0.0,0.0,0.0,1698563.3,3979935.0,19621.0,212988.0,3.2099,322.2
145,296960,24,-0.735,623.1667,1370.5417,2.25,56.5833,0.0,0.0,0.0,0.0,1710872.6,4007676.0,19667.0,214057.0,3.1965,324.6
146,299008,16,-1.203,607.6812,1370.4688,2.5,60.8125,0.0,0.0,0.0,0.0,1723797.9,4036164.5,19710.0,215324.0,3.2538,326.5
147,301056,24,-0.731,587.0625,1340.125,2.4167,43.75,0.0,0.0,0.0,0.0,1735280.0,4063007.5,19770.0,216124.0,3.1189,328.7
148,303104,16,-1.1,621.3812,1376.875,2.75,61.0,0.0,0.0,0.0,0.0,1748512.2,4091950.0,19823.0,217392.0,3.2463,331.3
149,305152,24,-1.127,606.6667,1377.0208,2.4583,44.7917,0.0,0.0,0.0,0.0,1760465.1,4119521.0,19874.0,218207.0,3.1642,333.6
150,307200,24,-0.627,590.1375,1365.4583,1.9583,35.0833,0.0,0.0,0.0,0.0,1772850.5,4147969.0,19903.0,218925.0,3.2641,335.6
151,309248,16,-1.138,646.0812,1401.4688,2.375,53.75,0.0,0.0,0.0,0.0,1785924.6,4176319.5,19961.0,220008.0,3.1514,338.3
152,311296,24,-1.013,615.8167,1398.375,2.0833,34.375,0.0,0.0,0.0,0.0,1798065.7,4204605.5,20006.0,220610.0,3.1711,340.5
153,313344,16,-0.919,608.6312,1371.0938,1.9375,39.5,0.0,0.0,0.0,0.0,1810895.0,4233283.0,20040.0,221420.0,3.2042,342.9
154,315392,24,-0.679,601.7042,1366.3125,2.2083,35.0,0.0,0.0,0.0,0.0,1822775.6,4260665.5,20088.0,222088.0,3.0813,345.3
155,317440,16,-0.581,566.8875,1350.3125,1.9375,14.3125,0.0,0.0,0.0,0.0,1835109.3,4289039.0,20119.0,222620.0,3.1458,347.3
156,319488,24,-0.667,606.7792,1386.0208,1.625,33.0,0.0,0.0,0.0,0.0,1847200.9,4317015.0,20161.0,223178.0,3.0744,349.6
157,321536,16,-1.078,604.2875,1353.4375,2.125,41.0,0.0,0.0,0.0,0.0,1859783.1,4345319.0,20194.0,223966.0,3.2044,351.8
158,323584,24,-1.138,577.4333,1358.6667,2.375,25.625,0.0,0.0,0.0,0.0,1871360.8,4372693.0,20252.0,224518.0,3.0969,354.8
159,325632,24,-0.99,595.5167,1371.0833,2.4583,33.5417,0.0,0.0,0.0,0.0,1883606.9,4400877.0,20301.0,225179.0,3.1497,357.1
160,327680,16,-1.503,601.5625,1360.0938,3.0625,37.6875,0.0,0.0,0.0,0.0,1896098.8,4428953.5,20355.0,226027.0,3.0948,359.8
161,329728,24,-1.131,591.1292,1370.7917,2.4167,29.4583,0.0,0.0,0.0,0.0,1907637.6,4456369.5,20417.0,226496.0,3.0584,362.1
162,331776,16,-0.572,589.6875,1351.4375,1.9375,29.1875,0.0,0.0,0.0,0.0,1920163.8,4484758.0,20447.0,227103.0,3.1777,364.6
163,333824,24,-0.825,580.3917,1362.8542,2.2917,21.75,0.0,0.0,0.0,0.0,1931663.7,4512117.0,20514.0,227522.0,3.0369,367.3
164,335872,16,-0.991,584.975,1371.9062,2.875,26.3125,0.0,0.0,0.0,0.0,1944075.8,4540793.5,20555.0,228159.0,3.1708,370.0
165,337920,24,-0.825,574.825,1359.3542,2.3333,26.25,0.0,0.0,0.0,0.0,1955653.0,4568384.5,20610.0,228666.0,3.0984,372.8
166,339968,16,-2.544,578.325,1346.3125,2.625,28.0625,0.0,0.0,0.0,0.0,1967539.6,4596179.0,20647.0,229194.0,3.1596,375.2
167,342016,24,-5.333,544.175,1325.8125,2.0417,19.0,0.0,0.0,0.0,0.0,1978301.5,4622915.0,20703.0,229484.0,3.054,377.1
168,344064,24,-0.788,558.7708,1337.375,2.125,21.9167,0.0,0.0,0.0,0.0,1989673.9,4650076.0,20739.0,229960.0,3.0509,379.7
169,346112,16,-1.262,552.7125,1319.6875,1.75,23.6875,0.0,0.0,0.0,0.0,2001297.7,4677630.0,20778.0,230457.0,3.1004,381.5
170,348160,24,-0.76,541.5375,1332.6458,2.0417,12.25,0.0,0.0,0.0,0.0,2011913.9,4704276.0,20820.0,230659.0,3.0718,383.8
171,350208,16,-0.647,563.375,1333.5312,1.6875,23.0625,0.0,0.0,0.0,0.0,2023813.9,4732321.0,20848.0,231077.0,3.1607,385.8
172,352256,24,-0.794,547.9667,1324.7292,2.0417,15.1667,0.0,0.0,0.0,0.0,2034756.3,4758898.0,20901.0,231409.0,3.0198,388.7
173,354304,16,-0.75,513.35,1291.4375,2.25,12.4375,0.0,0.0,0.0,0.0,2045532.4,4785793.0,20942.0,231645.0,3.1368,391.4
174,356352,24,-0.777,549.3917,1345.0833,2.25,12.5,0.0,0.0,0.0,0.0,2056881.0,4813355.0,20990.0,231947.0,3.052,394.0
175,358400,24,-0.923,550.6875,1339.4583,2.25,9.4167,0.0,0.0,0.0,0.0,2068275.5,4841066.0,21029.0,232091.0,3.1402,396.6
176,360448,16,-0.847,561.35,1348.0,1.75,15.25,0.0,0.0,0.0,0.0,2079558.0,4868307.5,21073.0,232430.0,3.0322,399.1
177,362496,24,-1.5,563.3083,1354.875,1.8333,16.625,0.0,0.0,0.0,0.0,2090861.5,4895755.0,21122.0,232734.0,3.0449,401.3
178,364544,16,-1.259,578.75,1354.5938,2.75,27.6875,0.0,0.0,0.0,0.0,2103001.5,4924095.5,21161.0,233225.0,3.1317,403.4
179,366592,24,-0.985,572.95,1366.2083,2.0417,16.25,0.0,0.0,0.0,0.0,2114383.2,4951538.5,21213.0,233569.0,3.024,405.7
180,368640,16,-1.109,558.8812,1341.4062,2.9375,20.3125,0.0,0.0,0.0,0.0,2126319.7,4979732.0,21255.0,233985.0,3.1343,408.6
181,370688,24,-1.138,567.325,1355.5833,2.4583,21.25,0.0,0.0,0.0,0.0,2137587.9,5006997.5,21314.0,234419.0,2.978,411.2
182,372736,16,-0.509,564.025,1351.3125,1.9375,16.375,0.0,0.0,0.0,0.0,2149335.0,5034999.5,21348.0,234712.0,3.1169,413.4
183,374784,24,-0.783,565.1167,1360.5208,2.125,15.7917,0.0,0.0,0.0,0.0,2160979.6,5062763.5,21396.0,235184.0,2.9601,416.4
184,376832,24,-0.588,602.0917,1387.6458,1.75,27.4583,0.0,0.0,0.0,0.0,2173387.1,5091337.0,21433.0,235702.0,3.0366,419.1
185,378880,16,-0.488,560.1875,1377.6562,1.875,4.5,0.0,0.0,0.0,0.0,2184857.5,5119512.5,21465.0,235813.0,3.0039,421.5
186,380928,24,-1.3,553.175,1346.8333,2.0417,12.4583,0.0,0.0,0.0,0.0,2195887.7,5146663.0,21517.0,236087.0,2.9351,423.8
187,382976,16,-0.95,553.8438,1347.4688,2.1875,14.1875,0.0,0.0,0.0,0.0,2207623.9,5174784.5,21552.0,236354.0,2.9905,426.3
188,385024,24,-0.794,562.1542,1363.5625,2.0,9.3333,0.0,0.0,0.0,0.0,2218864.5,5202324.0,21601.0,236542.0,2.9415,428.9
189,387072,16,-1.359,570.3062,1371.4688,2.0625,14.75,0.0,0.0,0.0,0.0,2230830.9,5230853.5,21635.0,236855.0,3.0516,431.5
190,389120,24,-0.813,561.9708,1364.6875,2.0,10.4583,0.0,0.0,0.0,0.0,2242141.6,5258561.5,21679.0,237034.0,2.9969,433.8
191,391168,16,-1.713,569.175,1376.6562,2.0,4.375,0.0,0.0,0.0,0.0,2254171.7,5287315.5,21710.0,237183.0,3.1011,436.7
192,393216,24,-1.565,573.9458,1392.5833,1.9583,8.625,0.0,0.0,0.0,0.0,2265575.0,5315379.0,21760.0,237318.0,3.0191,439.6
193,395264,24,-1.077,551.1167,1360.6667,2.0833,4.9583,0.0,0.0,0.0,0.0,2276722.8,5342972.0,21810.0,237407.0,3.0309,442.5
194,397312,16,-1.4,559.1625,1373.5312,2.5625,5.9375,0.0,0.0,0.0,0.0,2288383.2,5371274.0,21855.0,237622.0,3.0645,445.0
195,399360,24,-0.648,560.275,1368.5208,2.0,7.6667,0.0,0.0,0.0,0.0,2299457.7,5398868.0,21901.0,237686.0,3.0365,447.5
196,401408,16,-0.613,560.7812,1371.8125,2.1875,7.1875,0.0,0.0,0.0,0.0,2311159.6,5427186.5,21940.0,237851.0,3.0972,449.5
197,403456,24,-0.821,550.8583,1348.5208,2.4167,8.5417,0.0,0.0,0.0,0.0,2322340.3,5454664.5,21993.0,238085.0,3.0307,452.2
198,405504,16,-0.338,564.8438,1357.6875,1.875,19.4375,0.0,0.0,0.0,0.0,2334048.7,5482714.5,22022.0,238382.0,3.0853,454.6
199,407552,24,-0.829,550.5292,1353.625,1.8333,6.1667,0.0,0.0,0.0,0.0,2345145.0,5510219.5,22064.0,238482.0,3.0375,457.5
200,409600,24,-0.838,542.4958,1346.9375,1.9583,3.875,0.0,0.0,0.0,0.0,2356551.9,5538310.0,22099.0,238558.0,3.1408,460.0
201,411648,16,-0.325,546.7375,1379.0312,1.625,1.8125,0.0,0.0,0.0,0.0,2367392.3,5566006.5,22139.0,238587.0,3.0238,462.3
202,413696,24,-0.808,551.2042,1373.1875,1.9167,3.7083,0.0,0.0,0.0,0.0,2378606.8,5593949.5,22187.0,238676.0,3.0379,464.3
203,415744,16,-0.512,562.7563,1382.75,1.75,5.375,0.0,0.0,0.0,0.0,2390335.9,5622542.5,22219.0,238762.0,3.0728,466.7
204,417792,24,-0.604,561.0917,1383.8125,2.2083,1.7917,0.0,0.0,0.0,0.0,2401562.2,5650556.0,22271.0,238813.0,2.9904,469.0
205,419840,16,-0.675,572.2188,1390.2188,2.0625,9.125,0.0,0.0,0.0,0.0,2413618.6,5679585.5,22302.0,239036.0,3.0861,471.9
206,421888,24,-0.667,560.7542,1379.9583,1.875,7.7917,0.0,0.0,0.0,0.0,2424822.7,5707438.0,22346.0,239168.0,2.9691,473.8
207,423936,16,-0.491,561.3125,1396.4688,1.875,4.375,0.0,0.0,0.0,0.0,2436558.7,5736598.0,22379.0,239218.0,3.0812,476.7
208,425984,24,-0.908,557.2917,1392.9375,2.0833,2.9167,0.0,0.0,0.0,0.0,2447867.6,5764751.5,22422.0,239295.0,2.9725,478.8
209,428032,24,-0.848,561.5458,1398.1042,2.1667,1.75,0.0,0.0,0.0,0.0,2459453.3,5793509.5,22467.0,239320.0,3.0329,480.8
210,430080,16,-0.925,559.2562,1392.5625,2.125,2.125,0.0,0.0,0.0,0.0,2470652.4,5821872.5,22509.0,239380.0,2.9587,482.5
211,432128,24,-0.683,545.3333,1384.125,1.75,2.3333,0.0,0.0,0.0,0.0,2481723.3,5849860.5,22553.0,239410.0,2.9528,484.4
212,434176,16,-1.984,555.3875,1396.7188,2.25,1.1875,0.0,0.0,0.0,0.0,2493491.8,5878883.0,22590.0,239504.0,2.9951,486.3
213,436224,24,-0.99,568.9292,1386.6042,2.0,7.9167,0.0,0.0,0.0,0.0,2504797.7,5906855.0,22637.0,239626.0,2.9282,488.1
214,438272,16,-0.55,558.2438,1392.4062,2.1875,3.9375,0.0,0.0,0.0,0.0,2516625.9,5935939.0,22669.0,239703.0,3.0183,489.9
215,440320,24,-0.238,571.1583,1396.5625,1.5,6.4167,0.0,0.0,0.0,0.0,2528106.2,5964233.5,22710.0,239889.0,2.979,491.5
216,442368,16,-1.203,570.7688,1402.625,1.9375,6.3125,0.0,0.0,0.0,0.0,2540082.5,5993338.0,22743.0,239963.0,3.0726,493.2
217,444416,24,-0.858,557.7167,1396.8542,2.0417,2.375,0.0,0.0,0.0,0.0,2551241.8,6021667.0,22787.0,239997.0,2.9363,494.9
218,446464,24,-0.246,566.2875,1402.1042,1.5833,0.25,0.0,0.0,0.0,0.0,2562791.8,6050237.0,22819.0,240000.0,3.0423,496.6
219,448512,16,-0.425,567.375,1400.75,1.3125,0.625,0.0,0.0,0.0,0.0,2574525.6,6079179.5,22842.0,240019.0,3.0126,498.3
220,450560,24,-0.754,558.9417,1393.6042,2.125,0.4167,0.0,0.0,0.0,0.0,2585598.2,6107092.5,22898.0,240021.0,2.8989,499.9
221,452608,16,-0.703,561.7312,1390.875,2.25,2.625,0.0,0.0,0.0,0.0,2597438.8,6136114.5,22941.0,240063.0,2.9797,501.6
222,454656,24,-30.325,564.1292,1390.4583,2.5417,2.1667,0.0,0.0,0.0,0.0,2608797.4,6164371.0,22997.0,240114.0,2.8457,503.3
223,456704,16,-0.716,567.1625,1406.1562,1.75,0.625,0.0,0.0,0.0,0.0,2620769.0,6193690.5,23023.0,240124.0,3.0387,505.0
224,458752,24,-1.087,566.5208,1396.4167,1.9167,1.0417,0.0,0.0,0.0,0.0,2632089.9,6221722.0,23069.0,240157.0,2.9559,506.7
225,460800,24,-0.433,559.475,1376.7083,2.125,0.625,0.0,0.0,0.0,0.0,2643888.2,6250433.5,23105.0,240164.0,3.0569,508.3
226,462848,16,-0.828,543.325,1362.8438,2.375,2.125,0.0,0.0,0.0,0.0,2654808.9,6278003.5,23157.0,240223.0,2.9123,510.0
227,464896,24,-0.746,549.9583,1375.7708,2.2083,3.25,0.0,0.0,0.0,0.0,2665859.2,6305895.0,23212.0,240282.0,2.9683,511.6
228,466944,16,-0.763,543.8125,1374.4375,2.25,1.625,0.0,0.0,0.0,0.0,2677104.3,6334289.0,23251.0,240303.0,3.0056,513.1
229,468992,24,-1.458,549.2208,1374.7083,2.0833,3.5,0.0,0.0,0.0,0.0,2688111.3,6361866.5,23301.0,240396.0,2.9943,514.6
230,471040,16,-1.034,532.125,1356.625,2.125,2.1875,0.0,0.0,0.0,0.0,2699474.4,6390406.0,23337.0,240431.0,3.0766,516.3
231,473088,24,-0.681,541.9083,1362.5,1.8333,0.625,0.0,0.0,0.0,0.0,2710213.5,6417724.5,23385.0,240436.0,2.9504,518.1
232,475136,16,-4.803,536.6312,1350.3125,2.5625,0.0625,0.0,0.0,0.0,0.0,2721800.9,6446295.5,23411.0,240437.0,3.0923,519.5
233,477184,24,-0.44,546.0167,1351.6458,1.625,2.6667,0.0,0.0,0.0,0.0,2732648.4,6473417.0,23454.0,240504.0,2.9544,521.0
234,479232,24,-0.685,537.0292,1344.75,2.0,0.625,0.0,0.0,0.0,0.0,2743768.2,6501108.0,23496.0,240516.0,2.9881,522.7
235,481280,16,-8.837,526.875,1328.5312,3.0,0.25,0.0,0.0,0.0,0.0,2754293.6,6528020.0,23565.0,240520.0,2.8609,524.3
236,483328,24,-0.792,537.9708,1351.0833,2.75,1.5833,0.0,0.0,0.0,0.0,2765305.7,6555524.5,23612.0,240559.0,2.9033,526.0
237,485376,16,-0.581,551.2812,1361.5,1.8125,1.125,0.0,0.0,0.0,0.0,2776786.0,6583807.0,23644.0,240576.0,2.943,527.5
238,487424,24,-0.677,545.5417,1359.7917,2.0,0.0833,0.0,0.0,0.0,0.0,2787750.6,6611372.0,23694.0,240578.0,2.8112,529.1
239,489472,16,-1.438,556.65,1377.1875,2.1875,2.625,0.0,0.0,0.0,0.0,2799467.3,6639972.5,23729.0,240661.0,2.9823,530.8
240,491520,24,-0.398,549.2,1355.125,1.5417,2.7917,0.0,0.0,0.0,0.0,2810399.4,6667182.5,23772.0,240688.0,2.8365,532.4
241,493568,16,-0.766,555.9062,1369.7812,2.1875,2.5625,0.0,0.0,0.0,0.0,2822177.4,6695906.5,23800.0,240737.0,2.9937,534.1
242,495616,24,-0.354,548.4917,1359.4167,1.8333,1.3333,0.0,0.0,0.0,0.0,2833101.8,6723272.0,23843.0,240760.0,2.869,535.9
243,497664,24,-0.625,542.5417,1352.0417,2.0,0.125,0.0,0.0,0.0,0.0,2844205.8,6750924.0,23887.0,240763.0,2.9427,537.5
244,499712,16,-0.319,550.4563,1351.75,1.4375,0.1875,0.0,0.0,0.0,0.0,2855575.0,6778823.5,23917.0,240766.0,2.9732,539.1
245,501760,24,-5.698,553.9583,1368.3333,2.8333,0.4583,0.0,0.0,0.0,0.0,2866674.0,6806474.0,23981.0,240777.0,2.9213,540.9
246,503808,16,-0.922,555.8875,1372.0938,1.875,0.0625,0.0,0.0,0.0,0.0,2878402.2,6835165.0,24011.0,240778.0,3.095,542.4
247,505856,24,-0.602,551.5,1369.6042,1.5417,1.5417,0.0,0.0,0.0,0.0,2889205.8,6862355.0,24052.0,240815.0,2.9298,544.0
248,507904,16,-1.066,541.5062,1349.5312,2.25,0.0,0.0,0.0,0.0,0.0,2900839.2,6890977.0,24090.0,240815.0,3.0701,545.6
249,509952,24,-0.663,549.7708,1366.0,2.2083,0.0,0.0,0.0,0.0,0.0,2911657.0,6918201.0,24154.0,240817.0,2.9157,547.2
250,512000,24,-1.069,544.2458,1357.0625,3.0833,0.125,0.0,0.0,0.0,0.0,2923336.0,6946855.0,24199.0,240818.0,3.0876,548.7
251,514048,16,-0.797,542.2938,1355.75,2.0625,0.25,0.0,0.0,0.0,0.0,2934073.1,6973997.0,24247.0,240822.0,2.9253,550.4
252,516096,24,-0.863,551.1583,1365.5417,1.9583,0.0833,0.0,0.0,0.0,0.0,2945318.0,7001853.5,24295.0,240824.0,3.0165,552.0
253,518144,16,-1.616,554.6562,1370.8125,2.0625,0.0,0.0,0.0,0.0,0.0,2956904.0,7030339.0,24327.0,240836.0,3.1042,553.6
254,520192,24,-0.642,552.5,1365.8958,1.8333,0.5417,0.0,0.0,0.0,0.0,2967928.3,7057861.0,24374.0,240837.0,2.9958,555.2
255,522240,16,-0.631,556.675,1371.5625,1.9375,0.0625,0.0,0.0,0.0,0.0,2979603.2,7086380.5,24402.0,240838.0,3.1263,556.8
256,524288,24,-0.704,549.9917,1366.1667,1.625,0.7083,0.0,0.0,0.0,0.0,2990625.1,7114003.0,24448.0,240855.0,3.0391,558.6
257,526336,16,-2.247,558.3,1379.2188,2.375,0.0625,0.0,0.0,0.0,0.0,3002394.5,7142728.0,24485.0,240856.0,3.1204,560.2
258,528384,24,-0.848,551.0458,1364.1458,2.7083,0.0833,0.0,0.0,0.0,0.0,3013334.7,7170096.0,24550.0,240864.0,2.9354,561.9
259,530432,24,-1.7,558.9958,1373.4167,2.25,0.5,0.0,0.0,0.0,0.0,3025060.5,7198686.5,24590.0,240870.0,3.0705,563.5
260,532480,16,-0.597,539.0062,1345.3438,2.0625,0.0,0.0,0.0,0.0,0.0,3036119.7,7226307.0,24626.0,240870.0,2.9708,565.2
261,534528,24,-0.517,555.7875,1370.9375,1.625,0.4167,0.0,0.0,0.0,0.0,3047197.9,7253858.0,24672.0,240880.0,2.9762,566.9
262,536576,16,-0.725,546.0625,1362.9688,2.25,0.0,0.0,0.0,0.0,0.0,3058558.4,7282010.0,24703.0,240885.0,3.0153,568.5
263,538624,24,-0.558,543.7208,1349.3958,1.8333,0.5,0.0,0.0,0.0,0.0,3069595.7,7309485.0,24747.0,240892.0,2.9312,570.3
264,540672,16,-0.847,564.5563,1387.8438,2.0625,0.0625,0.0,0.0,0.0,0.0,3081402.5,7338283.5,24785.0,240893.0,2.9981,571.9
265,542720,24,-1.092,556.9667,1373.4583,2.0417,0.4167,0.0,0.0,0.0,0.0,3092559.5,7366014.5,24836.0,240909.0,2.919,573.5
266,544768,16,-1.163,557.5625,1377.5312,2.625,0.375,0.0,0.0,0.0,0.0,3104379.7,7394869.5,24877.0,240909.0,3.0509,575.2
267,546816,24,-0.719,555.9667,1370.9167,1.7917,0.0417,0.0,0.0,0.0,0.0,3115418.6,7422395.0,24916.0,240910.0,2.9093,576.9
268,548864,24,-0.694,539.3667,1355.7708,1.875,0.375,0.0,0.0,0.0,0.0,3126431.0,7450147.0,24963.0,240919.0,2.9455,578.5
269,550912,16,-0.616,549.1438,1363.5938,2.125,0.625,0.0,0.0,0.0,0.0,3137897.1,7478390.0,24991.0,240931.0,3.0144,580.2
270,552960,24,-0.492,558.0542,1378.5,1.625,0.2917,0.0,0.0,0.0,0.0,3148944.3,7506047.5,25034.0,240936.0,2.9175,581.8
271,555008,16,-0.403,550.725,1365.1875,1.9375,0.5625,0.0,0.0,0.0,0.0,3160499.4,7534437.0,25066.0,240945.0,2.9719,583.5
272,557056,24,-0.456,556.325,1374.7708,1.5833,0.1667,0.0,0.0,0.0,0.0,3171709.3,7562295.5,25103.0,240951.0,2.8787,585.2
273,559104,16,-0.509,556.4688,1375.0938,1.8125,0.375,0.0,0.0,0.0,0.0,3183593.0,7591316.0,25130.0,240956.0,2.9741,586.9
274,561152,24,-0.456,561.6125,1391.375,1.8333,0.125,0.0,0.0,0.0,0.0,3194729.0,7619209.0,25180.0,240958.0,2.8454,588.6
275,563200,24,-1.038,547.6042,1381.625,1.9583,0.3333,0.0,0.0,0.0,0.0,3206281.5,7648099.5,25209.0,240966.0,2.9963,590.0
276,565248,16,-1.484,545.275,1378.7812,2.1875,0.625,0.0,0.0,0.0,0.0,3217005.8,7675534.0,25263.0,240977.0,2.8687,591.8
277,567296,24,-0.685,534.8125,1360.25,2.125,0.0417,0.0,0.0,0.0,0.0,3227925.4,7703388.0,25310.0,240977.0,2.8855,593.5
278,569344,16,-0.534,551.8,1375.6562,1.6875,0.3125,0.0,0.0,0.0,0.0,3239150.8,7731457.0,25345.0,240997.0,2.8992,595.1
279,571392,24,-0.554,534.2833,1348.4792,1.9583,0.75,0.0,0.0,0.0,0.0,3249970.1,7758869.5,25386.0,241000.0,2.808,597.0
280,573440,16,-0.934,536.9563,1360.4688,2.1875,0.1875,0.0,0.0,0.0,0.0,3261390.7,7787566.5,25422.0,241004.0,2.8963,598.7
281,575488,24,-1.348,537.4333,1374.0417,2.5,0.0417,0.0,0.0,0.0,0.0,3272145.8,7815196.0,25473.0,241004.0,2.7903,600.3
282,577536,16,-0.763,550.4438,1383.875,1.5,0.625,0.0,0.0,0.0,0.0,3283641.6,7844050.5,25504.0,241014.0,2.881,601.7
283,579584,24,-37.742,538.6708,1357.375,2.0833,0.125,0.0,0.0,0.0,0.0,3294388.9,7871205.0,25567.0,241021.0,2.7578,603.4
284,581632,24,-22.798,548.525,1362.1667,2.5417,1.8333,0.0,0.0,0.0,0.0,3305887.7,7899490.5,25608.0,241061.0,2.834,604.9
285,583680,16,-0.384,550.0625,1388.0625,1.8125,0.125,0.0,0.0,0.0,0.0,3316993.3,7927551.5,25643.0,241063.0,2.8198,606.4
286,585728,24,-3.5,538.2417,1360.7708,2.2083,0.75,0.0,0.0,0.0,0.0,3327819.2,7955176.5,25690.0,241081.0,2.8017,607.8
287,587776,16,-1.181,552.2875,1378.0312,2.1875,0.125,0.0,0.0,0.0,0.0,3339315.4,7983831.5,25734.0,241083.0,2.9152,609.3
288,589824,24,-0.519,547.5208,1375.25,2.0417,0.1667,0.0,0.0,0.0,0.0,3350247.4,8011458.5,25787.0,241091.0,2.775,610.9
289,591872,16,-0.766,548.2938,1371.3438,2.0,0.4375,0.0,0.0,0.0,0.0,3361904.6,8040221.5,25811.0,241096.0,2.9049,612.6
290,593920,24,-0.733,544.9083,1369.9583,1.9583,0.25,0.0,0.0,0.0,0.0,3372685.7,8067758.5,25861.0,241100.0,2.8445,614.3
291,595968,16,-0.791,537.2938,1367.2188,2.0625,0.0625,0.0,0.0,0.0,0.0,3384165.3,8096454.5,25889.0,241102.0,2.899,615.8
292,598016,24,-0.763,554.6833,1385.6667,1.8333,0.2083,0.0,0.0,0.0,0.0,3395336.4,8124528.5,25938.0,241107.0,2.7469,617.3
293,600064,24,-1.2,560.025,1392.5208,2.0,0.1667,0.0,0.0,0.0,0.0,3406798.1,8152967.0,25981.0,241110.0,2.8352,618.9
294,602112,16,-0.494,567.925,1398.75,1.75,0.875,0.0,0.0,0.0,0.0,3418565.3,8181826.0,26017.0,241128.0,2.9316,620.5
295,604160,24,-3.56,570.4417,1400.2708,1.9583,0.4583,0.0,0.0,0.0,0.0,3430031.0,8210199.5,26055.0,241140.0,2.8547,622.1
296,606208,16,-0.719,570.7562,1405.0625,1.5,0.5625,0.0,0.0,0.0,0.0,3441954.5,8239242.5,26084.0,241144.0,2.9712,623.7
297,608256,24,-0.625,573.4333,1405.1042,1.625,0.25,0.0,0.0,0.0,0.0,3453515.3,8267766.0,26122.0,241150.0,2.8822,625.4
298,610304,16,-1.331,578.225,1406.8438,1.75,1.25,0.0,0.0,0.0,0.0,3465685.6,8297101.5,26150.0,241181.0,2.9888,626.7
299,612352,24,-0.806,576.3375,1406.375,1.8333,2.625,0.0,0.0,0.0,0.0,3477229.6,8325529.0,26192.0,241241.0,2.9596,628.4
300,614400,24,-0.769,584.325,1402.8958,1.75,5.875,0.0,0.0,0.0,0.0,3489558.0,8354752.0,26221.0,241374.0,2.9593,630.1
301,616448,16,-1.016,586.3688,1403.7188,1.5625,8.0625,0.0,0.0,0.0,0.0,3501295.2,8383108.0,26260.0,241536.0,2.9379,631.6
302,618496,24,-1.265,578.6958,1396.2083,1.9583,6.375,0.0,0.0,0.0,0.0,3512933.0,8411367.5,26305.0,241656.0,2.8926,633.4
303,620544,16,-0.631,575.8187,1394.7188,1.9375,4.625,0.0,0.0,0.0,0.0,3525014.6,8440348.0,26338.0,241749.0,2.9991,635.2
304,622592,24,-0.998,579.0,1391.3958,1.7083,5.9167,0.0,0.0,0.0,0.0,3536536.3,8468279.5,26378.0,241874.0,2.9196,636.8
305,624640,16,-0.384,570.1812,1387.4062,1.5625,3.375,0.0,0.0,0.0,0.0,3548617.4,8497384.5,26405.0,241946.0,2.9847,638.5
306,626688,24,-0.688,571.1417,1389.4167,1.7083,2.5,0.0,0.0,0.0,0.0,3559957.8,8525268.5,26447.0,242003.0,2.8521,640.1
307,628736,16,-0.753,565.2812,1383.4062,1.9375,2.9375,0.0,0.0,0.0,0.0,3572051.0,8554310.0,26472.0,242079.0,2.8879,641.7
308,630784,24,-0.746,568.7958,1386.1667,1.8333,3.375,0.0,0.0,0.0,0.0,3583255.7,8582086.5,26519.0,242136.0,2.7711,643.4
309,632832,24,-0.829,567.9875,1385.9792,1.5417,3.4167,0.0,0.0,0.0,0.0,3595099.6,8610801.0,26550.0,242196.0,2.8922,645.1
310,634880,16,-1.138,570.1687,1389.4688,1.8125,2.875,0.0,0.0,0.0,0.0,3606678.3,8639121.0,26587.0,242269.0,2.8904,646.9
311,636928,24,-1.331,571.6542,1389.3125,2.0,5.5833,0.0,0.0,0.0,0.0,3618152.8,8667177.5,26631.0,242376.0,2.8575,648.8
312,638976,16,-0.75,557.3,1350.5625,1.6875,6.4375,0.0,0.0,0.0,0.0,3629657.7,8695053.0,26663.0,242506.0,2.8176,650.6
313,641024,24,-0.569,548.925,1349.0833,1.7083,4.6667,0.0,0.0,0.0,0.0,3640682.0,8722301.5,26699.0,242593.0,2.7631,652.5
314,643072,16,-0.713,563.525,1372.0938,1.625,5.125,0.0,0.0,0.0,0.0,3652753.3,8751283.5,26728.0,242716.0,2.9307,654.2
315,645120,24,-0.581,570.8458,1389.2917,1.75,5.0417,0.0,0.0,0.0,0.0,3664100.3,8779135.5,26769.0,242810.0,2.8512,655.9
316,647168,16,-0.597,559.3625,1366.5625,1.6875,3.3125,0.0,0.0,0.0,0.0,3675945.9,8807914.0,26794.0,242861.0,2.8974,657.5
317,649216,24,-0.794,561.5083,1380.6875,1.875,2.0,0.0,0.0,0.0,0.0,3687054.9,8835523.5,26842.0,242896.0,2.7842,659.2
318,651264,24,-1.346,559.8833,1375.6042,1.875,2.0833,0.0,0.0,0.0,0.0,3698633.2,8863878.0,26880.0,242945.0,2.857,660.8
319,653312,16,-0.95,565.6438,1387.3438,1.5,2.0,0.0,0.0,0.0,0.0,3710358.3,8892373.5,26908.0,243019.0,2.9027,662.6
320,655360,24,-1.006,565.5583,1383.4792,1.6667,3.3333,0.0,0.0,0.0,0.0,3721561.2,8920194.5,26945.0,243057.0,2.8377,664.3
321,657408,16,-0.725,563.8312,1378.375,1.5625,3.125,0.0,0.0,0.0,0.0,3733411.3,8948957.5,26974.0,243118.0,2.937,665.9
322,659456,24,-0.723,555.775,1369.0,1.625,1.2917,0.0,0.0,0.0,0.0,3744497.7,8976511.5,27011.0,243138.0,2.8493,667.8
323,661504,16,-1.362,556.2562,1370.75,1.625,0.8125,0.0,0.0,0.0,0.0,3756340.8,9005256.0,27043.0,243160.0,2.9775,669.5
324,663552,24,-0.96,561.3292,1374.6667,1.875,1.3333,0.0,0.0,0.0,0.0,3767356.6,9032641.5,27091.0,243183.0,2.8092,671.1
325,665600,24,-0.758,546.3083,1357.1458,2.0,0.5,0.0,0.0,0.0,0.0,3779075.6,9061321.0,27120.0,243195.0,2.9849,672.8
326,667648,16,-0.841,546.7063,1352.625,1.5,1.625,0.0,0.0,0.0,0.0,3789955.9,9088524.0,27157.0,243224.0,2.8072,674.4
327,669696,24,-1.196,554.225,1368.4583,2.0,0.875,0.0,0.0,0.0,0.0,3801212.0,9116390.0,27201.0,243242.0,2.8538,676.1
328,671744,16,-0.622,556.475,1371.5,1.6875,1.375,0.0,0.0,0.0,0.0,3812788.9,9144824.5,27236.0,243266.0,2.8505,677.7
329,673792,24,-0.65,548.1542,1364.0833,1.75,0.4167,0.0,0.0,0.0,0.0,3823702.6,9172247.0,27270.0,243275.0,2.7331,679.4
330,675840,16,-0.909,560.5125,1380.3438,1.75,0.25,0.0,0.0,0.0,0.0,3835592.0,9201205.5,27305.0,243281.0,2.916,681.2
331,677888,24,-1.231,562.85,1383.9792,1.8333,0.4167,0.0,0.0,0.0,0.0,3846884.3,9229075.0,27348.0,243290.0,2.824,682.9
332,679936,16,-0.819,562.5437,1374.0938,1.9375,0.375,0.0,0.0,0.0,0.0,3858723.9,9257849.0,27378.0,243300.0,2.8922,684.7
333,681984,24,-0.669,564.4375,1385.3125,1.8333,0.4583,0.0,0.0,0.0,0.0,3870039.2,9285799.5,27426.0,243306.0,2.832,686.4
334,684032,24,-0.806,562.4458,1382.875,1.8333,0.2083,0.0,0.0,0.0,0.0,3881710.1,9314378.0,27460.0,243310.0,2.9417,688.1
335,686080,16,-0.6,562.2438,1381.1562,1.9375,0.875,0.0,0.0,0.0,0.0,3893114.6,9342519.5,27503.0,243324.0,2.8229,689.8
336,688128,24,-0.975,568.2167,1393.0208,1.8333,0.5417,0.0,0.0,0.0,0.0,3904557.1,9370692.5,27539.0,243337.0,2.8433,691.5
337,690176,16,-0.603,569.4938,1389.6875,1.75,0.9375,0.0,0.0,0.0,0.0,3916586.6,9399809.5,27569.0,243353.0,2.9115,693.3
338,692224,24,-1.34,573.2167,1398.7708,1.7083,0.5833,0.0,0.0,0.0,0.0,3927966.2,9427833.0,27608.0,243366.0,2.8286,695.0
339,694272,16,-0.75,562.1812,1378.4375,1.6875,0.5,0.0,0.0,0.0,0.0,3939981.9,9456879.5,27633.0,243387.0,2.8424,696.8
340,696320,24,-0.513,573.6833,1396.375,1.6667,1.6667,0.0,0.0,0.0,0.0,3951420.1,9484965.5,27674.0,243414.0,2.7652,698.5
341,698368,16,-0.728,574.3938,1395.9688,1.1875,0.625,0.0,0.0,0.0,0.0,3963516.4,9514180.5,27692.0,243426.0,2.8785,700.1
342,700416,24,-0.9,573.3833,1400.9583,1.5833,1.2083,0.0,0.0,0.0,0.0,3975010.4,9542426.5,27733.0,243454.0,2.8036,701.7
343,702464,24,-0.796,560.1625,1379.3958,2.0833,0.5,0.0,0.0,0.0,0.0,3986386.8,9570511.5,27781.0,243465.0,2.8132,703.2
344,704512,16,-1.234,564.0625,1386.5625,2.1875,0.5,0.0,0.0,0.0,0.0,3998041.8,9599081.5,27823.0,243475.0,2.8581,705.0
345,706560,24,-0.475,570.4417,1400.5833,1.5833,0.375,0.0,0.0,0.0,0.0,4009488.1,9627376.5,27857.0,243482.0,2.8083,706.8
346,708608,16,-1.184,571.6375,1395.0312,1.9375,0.8125,0.0,0.0,0.0,0.0,4021524.1,9656518.5,27887.0,243498.0,2.855,708.6
347,710656,24,-0.494,568.0667,1396.625,1.4583,0.7917,0.0,0.0,0.0,0.0,4032892.0,9684713.0,27922.0,243514.0,2.7558,710.3
348,712704,16,-0.95,575.25,1400.0312,1.6875,1.875,0.0,0.0,0.0,0.0,4045012.7,9713946.0,27952.0,243560.0,2.8996,712.0
349,714752,24,-0.602,564.1417,1385.8958,1.7917,1.7083,0.0,0.0,0.0,0.0,4056195.4,9741752.0,27997.0,243591.0,2.7608,713.7
350,716800,24,-1.033,565.4792,1392.0833,1.9583,0.625,0.0,0.0,0.0,0.0,4068177.3,9770890.0,28026.0,243600.0,2.8739,715.4
351,718848,16,-0.622,567.4625,1389.9062,2.0625,1.6875,0.0,0.0,0.0,0.0,4079575.5,9798962.5,28076.0,243640.0,2.791,717.0
352,720896,24,-1.029,567.2542,1387.3333,2.125,1.0,0.0,0.0,0.0,0.0,4090962.0,9827053.0,28120.0,243651.0,2.8513,718.7
353,722944,16,-0.822,572.0312,1404.4062,1.5,0.375,0.0,0.0,0.0,0.0,4102917.4,9856210.5,28147.0,243660.0,2.9143,720.8
354,724992,24,-0.921,572.6458,1396.7708,1.6667,1.4583,0.0,0.0,0.0,0.0,4114361.4,9884302.0,28190.0,243692.0,2.7627,722.7
355,727040,16,-0.625,571.5125,1396.4062,2.0,0.625,0.0,0.0,0.0,0.0,4126406.8,9913489.5,28221.0,243702.0,2.8213,724.5
356,729088,24,-0.412,569.8167,1397.6458,1.5417,0.2917,0.0,0.0,0.0,0.0,4137850.7,9941753.5,28256.0,243712.0,2.7885,726.2
357,731136,16,-0.478,573.675,1403.4375,1.5625,0.625,0.0,0.0,0.0,0.0,4149975.4,9971028.5,28283.0,243731.0,2.8886,727.9
358,733184,24,-1.029,566.6333,1395.2917,2.0417,1.1667,0.0,0.0,0.0,0.0,4161240.9,9999115.0,28327.0,243752.0,2.7218,729.7
359,735232,24,-1.004,564.3083,1388.6667,1.5833,1.0417,0.0,0.0,0.0,0.0,4172912.5,10027736.0,28362.0,243772.0,2.7859,731.4
360,737280,16,-0.816,564.9562,1393.5312,1.8125,0.75,0.0,0.0,0.0,0.0,4184360.7,10056045.5,28396.0,243785.0,2.8223,732.9
361,739328,24,-1.044,559.4083,1385.9583,1.9167,0.4583,0.0,0.0,0.0,0.0,4195546.8,10084066.5,28445.0,243795.0,2.8638,734.6
362,741376,16,-0.719,549.4062,1363.0312,2.125,0.375,0.0,0.0,0.0,0.0,4207219.6,10112670.5,28475.0,243804.0,2.8982,736.3
363,743424,24,-0.765,552.5,1365.9375,1.7917,0.7083,0.0,0.0,0.0,0.0,4218018.9,10139806.0,28519.0,243818.0,2.802,738.0
364,745472,16,-0.734,542.3187,1360.7188,1.875,0.9375,0.0,0.0,0.0,0.0,4229543.7,10168257.5,28556.0,243834.0,2.8883,739.8
365,747520,24,-0.931,538.1958,1344.6458,1.9167,0.8333,0.0,0.0,0.0,0.0,4240210.7,10195265.0,28596.0,243853.0,2.7643,741.4
366,749568,16,-0.681,539.8625,1355.2812,1.5625,0.5,0.0,0.0,0.0,0.0,4251812.0,10223966.0,28625.0,243861.0,2.886,743.1
367,751616,24,-0.631,537.0958,1356.2708,2.0,0.4167,0.0,0.0,0.0,0.0,4262367.1,10250960.0,28668.0,243871.0,2.7319,744.9
368,753664,24,-0.556,530.4917,1334.9167,2.0,0.5,0.0,0.0,0.0,0.0,4273303.3,10278392.5,28715.0,243883.0,2.8422,746.6
369,755712,16,-1.056,518.4062,1322.625,2.125,0.3125,0.0,0.0,0.0,0.0,4283964.2,10305570.5,28750.0,243888.0,2.8729,748.3
370,757760,24,-0.942,522.625,1322.9167,2.0417,0.2083,0.0,0.0,0.0,0.0,4294471.2,10332323.0,28799.0,243893.0,2.8172,749.7
371,759808,16,-1.422,535.45,1344.2188,2.5625,0.25,0.0,0.0,0.0,0.0,4305610.2,10360165.5,28840.0,243897.0,2.8792,751.6
372,761856,24,-0.344,523.4375,1339.0,1.5,2.25,0.0,0.0,0.0,0.0,4315767.8,10386743.0,28883.0,243966.0,2.8047,753.2
373,763904,16,-1.269,510.675,1307.5625,2.6875,1.4375,0.0,0.0,0.0,0.0,4326957.5,10414638.0,28928.0,243974.0,2.902,754.7
374,765952,24,-0.781,522.3917,1322.7917,2.4167,0.4583,0.0,0.0,0.0,0.0,4337409.8,10441254.5,28975.0,244003.0,2.8247,756.0
375,768000,24,-0.596,523.7042,1327.9375,1.5417,1.7917,0.0,0.0,0.0,0.0,4348521.6,10469134.0,29002.0,244028.0,2.8739,757.5
376,770048,16,-0.622,513.5562,1315.375,1.6875,0.875,0.0,0.0,0.0,0.0,4358692.3,10495480.0,29041.0,244047.0,2.8376,759.0
377,772096,24,-0.556,522.0042,1328.4375,1.5833,0.9583,0.0,0.0,0.0,0.0,4369313.5,10522600.5,29079.0,244065.0,2.8292,760.6
378,774144,16,-0.797,536.0625,1348.2188,1.75,0.25,0.0,0.0,0.0,0.0,4380545.7,10550685.0,29106.0,244086.0,2.9249,762.1
379,776192,24,-1.225,536.8833,1346.6458,2.0833,0.9167,0.0,0.0,0.0,0.0,4391134.2,10577540.0,29161.0,244091.0,2.8419,763.8
380,778240,16,-0.478,522.6312,1329.4688,2.25,0.4375,0.0,0.0,0.0,0.0,4402100.8,10605228.0,29201.0,244099.0,2.8835,765.6
381,780288,24,-1.004,520.3417,1322.5833,2.625,0.25,0.0,0.0,0.0,0.0,4412436.1,10631754.0,29268.0,244106.0,2.8186,767.2
382,782336,16,-1.141,521.3125,1320.875,2.625,0.875,0.0,0.0,0.0,0.0,4423770.9,10659891.5,29301.0,244124.0,2.9172,769.0
383,784384,24,-1.077,522.9167,1329.5625,2.125,0.375,0.0,0.0,0.0,0.0,4433965.8,10686482.5,29355.0,244127.0,2.8287,770.7
384,786432,24,-0.938,521.0875,1326.375,2.4583,0.5833,0.0,0.0,0.0,0.0,4444980.1,10714011.5,29402.0,244141.0,2.8501,772.2
385,788480,16,-0.95,487.1625,1279.8438,2.0625,1.3125,0.0,0.0,0.0,0.0,4454664.7,10739773.5,29445.0,244184.0,2.7841,773.8
386,790528,24,-0.731,501.6792,1294.3333,2.2917,1.0833,0.0,0.0,0.0,0.0,4464907.2,10766186.0,29507.0,244188.0,2.8061,775.6
387,792576,16,-1.034,521.2875,1341.25,2.5,0.0625,0.0,0.0,0.0,0.0,4475905.6,10794175.5,29535.0,244189.0,2.9255,777.4
388,794624,24,-0.673,519.7917,1327.6875,1.8333,0.2083,0.0,0.0,0.0,0.0,4486177.5,10820703.0,29580.0,244194.0,2.8703,779.0
389,796672,16,-1.234,527.0063,1331.9688,1.625,0.125,0.0,0.0,0.0,0.0,4497383.2,10848563.5,29605.0,244199.0,2.9128,780.7
390,798720,24,-0.6,512.7167,1299.3958,1.7917,0.4583,0.0,0.0,0.0,0.0,4507262.9,10874206.0,29665.0,244207.0,2.9157,782.4
391,800768,16,-0.859,504.5562,1297.5,2.75,0.1875,0.0,0.0,0.0,0.0,4518361.9,10901865.0,29694.0,244213.0,2.8656,783.8
392,802816,24,-0.806,513.5625,1295.6875,2.0417,0.2917,0.0,0.0,0.0,0.0,4528322.8,10927423.5,29750.0,244217.0,2.843,785.4
393,804864,24,-0.913,492.9667,1248.25,2.1667,0.2917,0.0,0.0,0.0,0.0,4538611.1,10953368.0,29794.0,244224.0,2.8398,786.7
394,806912,16,-1.516,523.8375,1311.25,1.875,1.125,0.0,0.0,0.0,0.0,4549289.4,10980086.5,29825.0,244242.0,2.9382,788.1
395,808960,24,-0.685,521.5542,1311.5833,2.0417,0.4583,0.0,0.0,0.0,0.0,4559751.7,11006646.0,29878.0,244253.0,2.844,789.8
396,811008,16,-0.419,524.3688,1314.0938,2.125,0.0625,0.0,0.0,0.0,0.0,4570937.4,11034216.5,29905.0,244255.0,2.9612,791.4
397,813056,24,-0.271,515.0208,1297.5417,1.7083,0.0417,0.0,0.0,0.0,0.0,4580766.6,11059601.5,29950.0,244255.0,2.8981,793.0
398,815104,16,-0.584,510.2188,1284.0312,1.875,0.0,0.0,0.0,0.0,0.0,4591940.6,11087124.5,29985.0,244255.0,2.9595,794.9
399,817152,24,-1.14,517.0458,1297.0417,2.7083,0.0417,0.0,0.0,0.0,0.0,4602030.1,11112812.0,30042.0,244260.0,2.8799,796.6
400,819200,24,-0.381,516.7667,1295.7292,1.6667,0.1667,0.0,0.0,0.0,0.0,4613217.7,11140416.5,30071.0,244260.0,2.9433,798.3
401,821248,16,-0.763,533.0312,1331.2812,2.5625,0.25,0.0,0.0,0.0,0.0,4623659.6,11166843.5,30132.0,244265.0,2.8686,799.9
402,823296,24,-1.587,526.5292,1313.4583,2.75,1.4167,0.0,0.0,0.0,0.0,4634452.8,11193803.0,30195.0,244298.0,2.9012,801.4
403,825344,16,-0.55,532.7812,1326.0312,1.875,0.125,0.0,0.0,0.0,0.0,4645515.7,11221136.5,30231.0,244300.0,2.9205,803.2
404,827392,24,-0.86,533.7958,1320.3125,2.0833,0.0833,0.0,0.0,0.0,0.0,4656178.7,11247724.5,30269.0,244302.0,2.8676,804.9
405,829440,16,-0.366,536.7125,1330.125,1.625,0.125,0.0,0.0,0.0,0.0,4667559.1,11275678.0,30300.0,244310.0,2.9088,806.4
406,831488,24,-0.75,529.3917,1318.4375,2.2083,0.75,0.0,0.0,0.0,0.0,4678070.1,11302087.5,30354.0,244327.0,2.8534,808.0
407,833536,16,-0.178,544.65,1350.3438,1.75,0.5,0.0,0.0,0.0,0.0,4689501.1,11330165.5,30380.0,244332.0,2.8827,809.6
408,835584,24,-1.519,525.8042,1313.5,2.6667,0.5833,0.0,0.0,0.0,0.0,4699944.4,11356544.5,30447.0,244344.0,2.7461,811.3
409,837632,24,-0.817,525.6042,1317.3542,3.4167,0.25,0.0,0.0,0.0,0.0,4710964.5,11383952.0,30518.0,244350.0,2.8254,812.9
410,839680,16,-0.725,542.775,1342.1875,1.9375,1.5,0.0,0.0,0.0,0.0,4721842.5,11410944.0,30561.0,244374.0,2.8146,814.6
411,841728,24,-1.8,536.3167,1323.4583,2.2917,0.5,0.0,0.0,0.0,0.0,4732677.8,11437875.5,30611.0,244386.0,2.8003,816.2
412,843776,16,-0.603,533.8438,1323.125,2.0625,0.3125,0.0,0.0,0.0,0.0,4743767.5,11465217.5,30659.0,244397.0,2.928,817.8
413,845824,24,-0.906,529.85,1314.7917,2.6667,0.3333,0.0,0.0,0.0,0.0,4754337.4,11491677.0,30708.0,244399.0,2.8398,819.5
414,847872,16,-0.959,536.5375,1323.0625,1.5625,0.75,0.0,0.0,0.0,0.0,4765610.5,11519239.0,30745.0,244411.0,2.9005,821.1
415,849920,24,-0.667,531.9542,1316.3125,2.4167,0.5833,0.0,0.0,0.0,0.0,4776333.4,11545913.0,30796.0,244425.0,2.8233,822.9
416,851968,16,-0.975,547.2375,1343.75,2.5,0.3125,0.0,0.0,0.0,0.0,4788059.8,11574299.5,30836.0,244444.0,2.8654,824.5
417,854016,24,-0.935,538.1208,1332.8958,2.2917,0.7917,0.0,0.0,0.0,0.0,4798568.1,11600728.5,30887.0,244451.0,2.7685,826.2
418,856064,24,-0.671,538.55,1332.9375,2.0417,0.25,0.0,0.0,0.0,0.0,4809737.7,11628298.0,30934.0,244455.0,2.8162,828.0
419,858112,16,-0.622,556.3812,1356.875,1.75,0.1875,0.0,0.0,0.0,0.0,4821134.6,11656091.5,30964.0,244458.0,2.8961,829.7
420,860160,24,-0.779,535.0917,1320.5,2.1667,0.7083,0.0,0.0,0.0,0.0,4831733.2,11682539.0,31020.0,244475.0,2.8074,831.4
421,862208,16,-0.5,543.5,1327.3125,2.0,1.3125,0.0,0.0,0.0,0.0,4843224.7,11710415.0,31049.0,244498.0,2.9196,833.0
422,864256,24,-0.696,537.3625,1324.4375,1.9167,2.8333,0.0,0.0,0.0,0.0,4853832.9,11736749.0,31095.0,244564.0,2.8452,834.7
423,866304,16,-16.478,518.2562,1290.25,3.0,0.0,0.0,0.0,0.0,0.0,4864961.1,11764077.5,31147.0,244566.0,2.8772,836.5
424,868352,24,-4.792,525.5625,1308.2292,2.5833,0.1667,0.0,0.0,0.0,0.0,4875242.3,11790088.5,31208.0,244568.0,2.8803,838.2
425,870400,24,-0.654,527.8917,1313.5833,2.4167,1.0,0.0,0.0,0.0,0.0,4886632.8,11818011.0,31247.0,244592.0,2.938,839.6
426,872448,16,-0.787,541.575,1330.4062,2.25,1.4375,0.0,0.0,0.0,0.0,4897194.2,11844470.0,31306.0,244615.0,2.8422,841.3
427,874496,24,-17.86,536.4167,1333.5833,2.5833,0.375,0.0,0.0,0.0,0.0,4908243.9,11871856.0,31362.0,244624.0,2.8806,843.1
428,876544,16,-0.972,542.0312,1335.0938,2.3125,3.5625,0.0,0.0,0.0,0.0,4919514.8,11899464.5,31401.0,244699.0,2.8865,844.6
429,878592,24,-0.944,542.2,1330.2083,2.625,3.375,0.0,0.0,0.0,0.0,4930243.0,11926091.0,31467.0,244762.0,2.7587,846.3
430,880640,16,-1.428,557.7875,1358.5,2.625,5.0,0.0,0.0,0.0,0.0,4942188.8,11954865.5,31505.0,244851.0,2.8934,847.8
431,882688,24,-1.308,548.15,1346.0625,2.4167,3.3333,0.0,0.0,0.0,0.0,4953028.0,11981691.5,31563.0,244938.0,2.8068,849.5
432,884736,16,-1.456,558.7937,1352.125,2.375,5.5,0.0,0.0,0.0,0.0,4965072.5,12010205.0,31603.0,245103.0,2.8679,851.2
433,886784,24,-1.546,569.9292,1357.7292,2.5833,10.3333,0.0,0.0,0.0,0.0,4976278.0,12037382.5,31667.0,245272.0,2.7156,852.8
434,888832,24,-0.692,573.2625,1361.1458,2.5417,13.3333,0.0,0.0,0.0,0.0,4988322.2,12065686.0,31715.0,245578.0,2.8554,854.4
435,890880,16,-0.7,573.3688,1360.5,2.0625,13.75,0.0,0.0,0.0,0.0,4999764.0,12093210.5,31756.0,245818.0,2.8418,856.1
436,892928,24,-1.108,578.85,1361.125,2.1667,15.6667,0.0,0.0,0.0,0.0,5011531.4,12120841.0,31811.0,246174.0,2.7893,857.8
437,894976,16,-1.194,588.9875,1356.2188,2.8125,24.25,0.0,0.0,0.0,0.0,5023930.4,12149042.5,31850.0,246675.0,2.8367,859.5
438,897024,24,-0.937,592.475,1357.8542,2.2917,25.875,0.0,0.0,0.0,0.0,5035746.3,12176485.5,31902.0,247214.0,2.7508,861.1
439,899072,16,-0.725,595.0,1346.5,1.75,30.375,0.0,0.0,0.0,0.0,5048215.5,12204361.0,31946.0,247877.0,2.7805,862.7
440,901120,24,-0.698,584.7833,1325.5625,2.0833,31.125,0.0,0.0,0.0,0.0,5059801.1,12230872.5,31986.0,248476.0,2.7086,864.5
441,903168,16,-1.834,600.3,1314.125,2.8125,39.0625,0.0,0.0,0.0,0.0,5072868.6,12258923.5,32033.0,249395.0,2.7297,866.1
442,905216,24,-1.254,617.4667,1337.9583,2.7083,47.5833,0.0,0.0,0.0,0.0,5084933.8,12285394.0,32106.0,250311.0,2.6471,867.4
443,907264,24,-1.194,636.8333,1333.0,2.8333,54.625,0.0,0.0,0.0,0.0,5098307.7,12313075.0,32159.0,251494.0,2.7624,868.8
444,909312,16,-0.381,617.875,1324.375,2.0,46.875,0.0,0.0,0.0,0.0,5110867.2,12340151.5,32192.0,252428.0,2.726,870.4
445,911360,24,-0.692,627.4125,1337.7917,1.875,48.8333,0.0,0.0,0.0,0.0,5123554.8,12367349.5,32242.0,253431.0,2.7087,872.0
446,913408,16,-0.962,642.2812,1351.0938,2.1875,56.0,0.0,0.0,0.0,0.0,5137226.6,12395581.5,32267.0,254638.0,2.752,873.6
447,915456,24,-0.7,634.5,1337.8958,1.7917,53.8333,0.0,0.0,0.0,0.0,5149592.7,12422266.0,32316.0,255632.0,2.7297,875.2
448,917504,16,-0.659,638.5938,1345.875,1.8125,54.5625,0.0,0.0,0.0,0.0,5163481.2,12450786.5,32345.0,256858.0,2.7605,876.9
449,919552,24,-0.821,648.625,1355.6667,1.7083,58.0,0.0,0.0,0.0,0.0,5176029.3,12477798.0,32386.0,257985.0,2.7212,878.6
450,921600,24,-0.375,645.575,1337.8958,1.75,63.4583,0.0,0.0,0.0,0.0,5190013.8,12505931.5,32414.0,259392.0,2.7771,880.2
451,923648,16,-0.731,648.175,1345.4062,1.8125,61.125,0.0,0.0,0.0,0.0,5202787.2,12532908.0,32455.0,260613.0,2.7078,882.0
452,925696,24,-0.981,664.6208,1361.4583,2.4167,69.125,0.0,0.0,0.0,0.0,5216404.3,12560694.0,32510.0,262029.0,2.6722,883.7
453,927744,16,-0.356,667.9875,1357.0,1.5625,64.8125,0.0,0.0,0.0,0.0,5230294.9,12588878.5,32549.0,263408.0,2.748,885.4
454,929792,24,-0.854,671.2958,1372.6042,2.4167,70.75,0.0,0.0,0.0,0.0,5243594.4,12616397.0,32601.0,264776.0,2.7187,887.0
455,931840,16,-1.659,664.8688,1356.1875,2.375,70.6875,0.0,0.0,0.0,0.0,5257632.3,12644698.0,32644.0,266269.0,2.7973,888.7
456,933888,24,-0.871,665.1542,1353.5417,2.125,67.3333,0.0,0.0,0.0,0.0,5270908.7,12672028.5,32683.0,267594.0,2.7505,890.5
457,935936,16,-0.234,660.9625,1352.625,1.4375,67.1875,0.0,0.0,0.0,0.0,5285075.4,12700538.0,32707.0,269058.0,2.7731,892.1
458,937984,24,-0.585,669.9458,1371.7292,1.625,70.2083,0.0,0.0,0.0,0.0,5298379.5,12728259.0,32752.0,270479.0,2.7118,893.6
459,940032,24,-1.277,665.0875,1367.9583,2.4583,69.7083,0.0,0.0,0.0,0.0,5312358.9,12756542.0,32799.0,271944.0,2.703,895.2
460,942080,16,-1.513,657.9438,1356.125,2.1875,67.125,0.0,0.0,0.0,0.0,5325515.3,12784043.5,32848.0,273252.0,2.6777,896.9
461,944128,24,-1.013,668.7833,1364.0625,1.9167,71.8333,0.0,0.0,0.0,0.0,5339108.0,12811778.0,32887.0,274751.0,2.7047,898.5
462,946176,16,-0.925,672.325,1377.1562,2.3125,73.0,0.0,0.0,0.0,0.0,5353339.4,12840514.0,32924.0,276322.0,2.7297,900.0
463,948224,24,-0.477,674.9625,1380.3542,1.875,72.7083,0.0,0.0,0.0,0.0,5366589.7,12868169.5,32971.0,277735.0,2.647,901.4
464,950272,16,-2.141,670.3,1391.8125,2.0625,69.9375,0.0,0.0,0.0,0.0,5380964.0,12897308.0,33001.0,279248.0,2.7697,902.9
465,952320,24,-0.6,665.0708,1388.2083,1.875,70.0417,0.0,0.0,0.0,0.0,5393974.3,12925236.5,33051.0,280592.0,2.656,904.5
466,954368,16,-0.85,650.6063,1372.0,2.0625,65.125,0.0,0.0,0.0,0.0,5408063.8,12954058.5,33085.0,282021.0,2.7812,906.0
467,956416,24,-0.871,652.9208,1366.1667,2.4583,63.0833,0.0,0.0,0.0,0.0,5420958.5,12981576.0,33142.0,283254.0,2.7595,907.7
468,958464,24,-0.635,671.5417,1388.6042,1.9583,65.4167,0.0,0.0,0.0,0.0,5434787.2,13009942.0,33188.0,284581.0,2.7337,909.3
469,960512,16,-0.631,664.1188,1375.8125,2.5625,67.8125,0.0,0.0,0.0,0.0,5448452.8,13038261.0,33231.0,285986.0,2.79,911.0
470,962560,24,-0.927,680.0792,1384.7292,1.9583,72.7083,0.0,0.0,0.0,0.0,5462019.4,13066213.0,33277.0,287427.0,2.7306,912.6
471,964608,16,-1.022,680.6187,1387.9062,2.375,78.625,0.0,0.0,0.0,0.0,5476504.7,13095322.0,33320.0,289140.0,2.8386,914.2
472,966656,24,-0.967,685.1167,1400.6875,2.5833,79.125,0.0,0.0,0.0,0.0,5490115.4,13123495.0,33376.0,290687.0,2.7672,915.8
473,968704,16,-1.1,694.6062,1396.7812,1.9375,77.125,0.0,0.0,0.0,0.0,5504969.4,13152745.0,33415.0,292354.0,2.847,917.4
474,970752,24,-1.129,693.0375,1386.8125,3.0,80.5833,0.0,0.0,0.0,0.0,5518708.5,13180768.0,33477.0,293972.0,2.7508,918.9
475,972800,24,-0.771,709.8833,1411.0,2.2083,83.875,0.0,0.0,0.0,0.0,5533834.0,13210182.5,33518.0,295749.0,2.8355,920.4
476,974848,16,-0.628,724.5813,1422.6875,1.5625,83.5625,0.0,0.0,0.0,0.0,5548197.5,13238821.0,33556.0,297400.0,2.7643,921.8
477,976896,24,-1.869,714.8083,1407.8542,2.6667,82.125,0.0,0.0,0.0,0.0,5562681.7,13267415.0,33623.0,299064.0,2.8293,923.5
478,978944,16,-1.159,722.45,1427.75,2.0625,85.3125,0.0,0.0,0.0,0.0,5577688.9,13297067.5,33662.0,300853.0,2.9262,925.1
479,980992,24,-1.029,715.9958,1419.5625,2.4583,85.0417,0.0,0.0,0.0,0.0,5592026.4,13325763.5,33719.0,302547.0,2.8583,926.4
480,983040,16,-1.144,721.8063,1419.625,2.375,84.875,0.0,0.0,0.0,0.0,5607297.8,13355237.5,33756.0,304350.0,2.9499,927.7
481,985088,24,-0.638,717.4125,1416.3333,2.1667,84.5,0.0,0.0,0.0,0.0,5621491.2,13383799.5,33810.0,306033.0,2.8103,929.1
482,987136,16,-1.344,716.1688,1411.8125,2.5625,85.4375,0.0,0.0,0.0,0.0,5636701.4,13413211.0,33855.0,307810.0,2.8707,930.6
483,989184,24,-1.104,716.425,1417.5625,2.625,83.0833,0.0,0.0,0.0,0.0,5651165.4,13442057.5,33905.0,309513.0,2.8276,932.2
484,991232,24,-0.802,728.1833,1425.3333,2.25,87.4583,0.0,0.0,0.0,0.0,5666225.7,13471337.5,33957.0,311309.0,2.855,933.8
485,993280,16,-1.463,707.45,1407.375,3.4375,83.75,0.0,0.0,0.0,0.0,5680641.6,13500212.0,34028.0,313010.0,2.8051,935.6
486,995328,24,-1.562,733.275,1426.2917,2.8333,86.0,0.0,0.0,0.0,0.0,5695402.7,13529066.0,34085.0,314735.0,2.8605,937.4
487,997376,16,-1.022,735.4562,1428.875,2.25,87.125,0.0,0.0,0.0,0.0,5710823.1,13558734.0,34120.0,316569.0,2.899,938.9
488,999424,24,-1.015,727.2333,1419.3958,2.2083,86.0,0.0,0.0,0.0,0.0,5725340.1,13587397.0,34178.0,318296.0,2.7931,940.5
